﻿<?xml version="1.0" encoding="utf-8" ?>
<Advertisements>
  <Ad>
    <ImageUrl>KIWI1.jpg</ImageUrl>
    <NavigateUrl>https://www.google.com</NavigateUrl>
    <AlternateText>Taj Hotel</AlternateText>
    <Impressions>1</Impressions>
    <Keyword>Hotel Taj</Keyword>
    </Ad>

  <Ad>
    <ImageUrl>kIWI2.jpg</ImageUrl>
    <NavigateUrl>http://www.google.com</NavigateUrl>
    <AlternateText>Marriott</AlternateText>
    <Impressions>2</Impressions>
    <Keyword>Hotel Marriott</Keyword>
  </Ad>


  <Ad>
    <ImageUrl>kIWI3.jpg</ImageUrl>
    <NavigateUrl>http://www.google.com</NavigateUrl>
    <AlternateText>Holiday Inn</AlternateText>
    <Impressions>3</Impressions>
    <Keyword>Holiday Inn</Keyword>
  </Ad>

</Advertisements>

